{
  "model_type": "SimpleNeuralNetwork",
  "architecture": {
    "input_size": 5,
    "hidden_size": 32,
    "output_sizes": {
      "temp": 1,
      "iaw": 1,
      "class": 2
    }
  },
  "weights": {
    "W1": [
      [
        -0.20175506445238456,
        0.5104154386903466,
        0.7671132549093629,
        -0.6547298023883086,
        -0.715848053827671,
        -0.3223104047782984,
        -0.1457954523160136,
        -0.7543059947530559,
        -0.11026755879116124,
        0.16384608417467,
        -0.13558639310393547,
        -0.08582046835890761,
        -0.06542268358702509,
        1.0389410148090723,
        -0.21154979302821383,
        -1.4758148640891267,
        0.034588394236339054,
        -0.04364168547065648,
        0.35127004063810274,
        -1.3802047412445624,
        0.482211932951814,
        -0.022652343575275312,
        0.9595549694202695,
        -0.1632501238896011,
        -0.6809295906450997,
        -0.5672335100734165,
        -0.4065158864783441,
        0.052466580002757744,
        -0.6547457063132018,
        0.7628070287187202,
        0.1953305866283337,
        -0.02348438558986935
      ],
      [
        0.03530523675020841,
        0.6295202344156686,
        0.07275531058820021,
        -1.0783614146731237,
        0.12504649699202997,
        0.26289828708929364,
        0.25481698951565146,
        -0.6642303222859921,
        -0.5353557891482277,
        -1.5098446455376506,
        0.7784279229731438,
        0.8949545905494997,
        0.7828768904811774,
        -0.07474677720432409,
        0.6766539501492581,
        1.0896223717481872,
        -0.6986887702389417,
        -0.06503317985200925,
        -0.09494782861260463,
        0.12851968906315558,
        1.1304043274592326,
        0.6393278453492827,
        -0.721076703738446,
        1.6699373254927263,
        -0.6298361002979466,
        -0.049124732972274945,
        1.0126372135265893,
        -0.8662074506228901,
        -0.3578517748764892,
        -0.6943917463475561,
        -0.6776899036351419,
        -0.15212278976264465
      ],
      [
        -0.4958139709855199,
        0.3126403838723674,
        0.18200774078194085,
        -0.07161296560211869,
        -0.14609067754198463,
        -0.33767011376515366,
        -1.502046614131773,
        1.4817468571026369,
        0.39817576029599866,
        0.7034232106441111,
        -0.43156109674495213,
        0.6966336226751519,
        -0.34190100243165167,
        -0.3893755835024001,
        0.4257882707230349,
        -0.283766247503165,
        0.31098101279839846,
        -0.7198986665055924,
        0.03939710300417136,
        -0.1921766695376946,
        0.31960568363775,
        0.10207510066491482,
        -0.13689857660498486,
        0.6436776048183566,
        -0.4982692022036622,
        -0.3361344834813687,
        -0.8970562832496766,
        0.3544294583352546,
        0.25308742192135775,
        -0.07026966756552175,
        0.2541353763449335,
        -0.10298989780342742
      ],
      [
        0.5376913759921309,
        -0.4515863748679869,
        -0.3169462276146675,
        -0.34441317671908617,
        -0.15745588138322214,
        0.8623228633425175,
        0.5238681238737136,
        1.025615421760944,
        -0.28390588647189297,
        0.7885739068025053,
        -0.011570305583481509,
        0.08651018236001601,
        -0.9946207780747729,
        -0.2232908430602772,
        0.12740644748677724,
        0.19738458583086252,
        -0.972373982576005,
        -1.2582635941161504,
        0.7633457040231484,
        -0.08784264802224419,
        -0.8777576991865034,
        0.20472814100570685,
        -0.6188904325021033,
        0.08880323461066823,
        -0.04517210420182509,
        0.02168332874203552,
        -0.37243455433482825,
        0.5658436748659482,
        -1.0624009508933063,
        -0.04042884182964746,
        0.8077509424680958,
        -0.4505721142984953
      ],
      [
        0.4584598748354937,
        1.0665834498029323,
        0.7090390165105624,
        -0.11096518814162434,
        0.40206116358829647,
        -0.22656030509222078,
        -1.300325575562176,
        0.44378954728502973,
        -0.3152421922823119,
        -0.24135717807106427,
        -0.17607009854885353,
        0.29472411011649724,
        0.28873508745744125,
        0.09826269491228828,
        0.8628647284197308,
        -1.505681388548495,
        0.7556019250104614,
        -1.440080754776583,
        -1.5948455595075797,
        -0.48371309067438245,
        -0.9365373083626415,
        0.07835472761487942,
        1.4736899241510528,
        -1.364269930643128,
        0.2242768472356559,
        -0.2577209216556221,
        -0.38459885302248825,
        0.1550350670327644,
        0.5699561966920599,
        0.39421228179359735,
        0.4946206401691259,
        0.10044772123403425
      ]
    ],
    "b1": [
      [
        -0.002766590612787725,
        0.00044253147054266914,
        -0.002179876300403536,
        0.00017588070098484816,
        -0.0033516054726193977,
        -0.001162531942969913,
        -0.0016078849258591755,
        -0.0011390404500741735,
        -0.0005212756164112086,
        -0.0008392351475542612,
        0.0005266623652787041,
        -0.0005269753431613848,
        2.7082596493125942e-05,
        0.0005326196614418527,
        -0.0004201472213903159,
        -0.001367776752818692,
        0.003279912385159583,
        0.00050090501817685,
        -0.00044520388911286523,
        -0.0007323524524527738,
        -0.0033544683222934543,
        0.0018920118708770685,
        0.002299625229332545,
        0.001483099492005283,
        -0.0008023619987833707,
        0.0014553223688597568,
        -0.003390417657449027,
        0.0010932898170746797,
        -0.0038516159786709516,
        2.5653700044244737e-05,
        -0.0009068761490484713,
        -0.0029430937313079573
      ]
    ],
    "W_temp": [
      [
        -0.4866357677903982
      ],
      [
        0.19708515055120943
      ],
      [
        -0.03799100269612924
      ],
      [
        -0.3470072832435563
      ],
      [
        -0.026961808139679865
      ],
      [
        -0.28534791705657525
      ],
      [
        0.18187805392263517
      ],
      [
        -0.31846806792756577
      ],
      [
        -0.06365119488193008
      ],
      [
        -0.06885873071550498
      ],
      [
        -0.11449892168851424
      ],
      [
        -0.09146324401005206
      ],
      [
        0.13182062937604677
      ],
      [
        -0.22942162617144754
      ],
      [
        0.09155870062415497
      ],
      [
        -0.2912636688697885
      ],
      [
        -0.5969982871106039
      ],
      [
        0.08238849330085378
      ],
      [
        -0.0999316545114329
      ],
      [
        0.10447174631908544
      ],
      [
        0.40732596833389273
      ],
      [
        0.5060784057974498
      ],
      [
        0.2681820712665545
      ],
      [
        0.35950806482063596
      ],
      [
        0.2728243016323878
      ],
      [
        -0.1845493350058649
      ],
      [
        0.27538366222360683
      ],
      [
        0.3512341680122608
      ],
      [
        -0.17585273179632266
      ],
      [
        -0.14786900611957307
      ],
      [
        -0.21693729947297435
      ],
      [
        0.11805945641073139
      ]
    ],
    "b_temp": [
      [
        0.0014941889604987056
      ]
    ],